pseudo_epoch,learning_rate,train_loss,validation_loss,validation_rel_l2,elapsed_seconds
1,0.001,0.6874322891235352,0.14095064997673035,0.1917758285999298,10.903931334032677
2,0.001,0.06193648278713226,0.03416743874549866,0.08972634375095367,21.56972016696818
3,0.001,0.028959661722183228,0.01982114464044571,0.0680508092045784,32.1346243750304
4,0.00085,0.013078116811811924,0.006161745637655258,0.038251906633377075,42.887914124992676
5,0.00085,0.004025815986096859,0.0033840839751064777,0.02881966158747673,53.71789729199372
6,0.00085,0.0029162191785871983,0.0029100324027240276,0.026536408811807632,64.26635379204527
7,0.0007224999999999999,0.002481890842318535,0.002364066429436207,0.024073535576462746,75.0730298749404
8,0.0007224999999999999,0.002065130742266774,0.002001573797315359,0.022000540047883987,85.75712779199239
9,0.0007224999999999999,0.0017598725389689207,0.001862907549366355,0.02105216309428215,96.65170112496708
10,0.000614125,0.0015527639770880342,0.0015752094332128763,0.019542746245861053,107.32265754195396
11,0.000614125,0.001403528731316328,0.0013529736315831542,0.01804526522755623,117.92280708404724
12,0.000614125,0.0012075917329639196,0.0012830805499106646,0.01749439910054207,128.61376595904585
13,0.0005220062499999999,0.0011026778956875205,0.001102842972613871,0.01627752184867859,139.1666797089856
14,0.0005220062499999999,0.001003321842290461,0.0009989687241613865,0.015548119321465492,149.58495083404705
15,0.0005220062499999999,0.0008915334474295378,0.0009139941539615393,0.014823216944932938,160.6419502920471
16,0.00044370531249999997,0.0008375559700652957,0.0008132722578011453,0.01404273509979248,171.39393058395945
17,0.00044370531249999997,0.00074625457637012,0.0007686587050557137,0.01360438484698534,182.0331745420117
18,0.00044370531249999997,0.0006999800098128617,0.0007592416368424892,0.013530226424336433,192.82761841698084
19,0.00037714951562499996,0.0006336732185445726,0.0006435208488255739,0.01251092180609703,203.4021327920491
20,0.00037714951562499996,0.0006143385544419289,0.0006014456157572567,0.012097779661417007,214.28558224998415
21,0.00037714951562499996,0.0005488431779667735,0.0005504701985046268,0.011591436341404915,225.02626595902257
22,0.00032057708828124994,0.0005061914562247694,0.0005252811824902892,0.011292463168501854,235.8843760419404
23,0.00032057708828124994,0.0004798790905624628,0.0005007104482501745,0.011039568111300468,246.47222583403345
24,0.00032057708828124994,0.0004527940764091909,0.00045899394899606705,0.010603344067931175,257.2629400419537
25,0.0002724905250390625,0.0004273704544175416,0.00044053560122847557,0.010403085500001907,267.7995321250055
26,0.0002724905250390625,0.0004289589123800397,0.0004141192475799471,0.01006260421127081,278.77133329201024
27,0.0002724905250390625,0.0003872011147905141,0.0004134691262152046,0.010090671479701996,289.8602057499811
28,0.00023161694628320305,0.00036992112291045487,0.00039022910641506314,0.00978679209947586,300.4579255840508
29,0.00023161694628320305,0.00035559586831368506,0.00038855281309224665,0.009770863689482212,310.9407341249753
30,0.00023161694628320305,0.0003368275938555598,0.00035841841599904,0.009418085217475891,321.54263275000267
