run,fno_modes,seed,parameters,final_train_loss,validation_mse_normalised,test_mse_normalised,test_rel_l2_mean,test_rel_l2_std,test_rel_l2_median,test_rel_l2_max,train_seconds,optimisation_seconds,data_seconds,inference_ms_per_batch,inference_ms_per_sample,peak_train_memory_mb,peak_inference_memory_mb
modes04_seed0,4,0,268017,0.0008782953955233097,0.000871579977683723,0.0008745312225073576,0.015100074699148536,0.003925500435912763,0.014070861041545868,0.03800684213638306,323.8521032920107,303.4018683800241,1.7669825358316302,138.11056251870468,4.315955078709521,,
modes04_seed1,4,1,268017,0.000588190509006381,0.0005932794883847237,0.0006441264995373785,0.012873794043116504,0.003929061196510461,0.011664445511996746,0.03715925291180611,324.6953906660201,304.3374530004803,2.0448832496767864,138.01239553140476,4.312887360356399,,
modes04_seed2,4,2,268017,0.0009415019303560257,0.0009291279129683971,0.0009668050915934145,0.015772818402183475,0.0050894930041988145,0.014490576460957527,0.047866351902484894,322.19645074999426,302.47475314023905,1.8031012794235721,139.61681246291846,4.363025389466202,,
modes08_seed0,8,0,1054449,0.00035175849916413426,0.0004032474826090038,0.00041600142139941454,0.010308488981536357,0.002935929740558844,0.00957208126783371,0.03011377900838852,335.563822374912,314.0306643655058,2.6700295913033187,140.09981253184378,4.378119141620118,,
modes08_seed1,8,1,1054449,0.00022012183035258204,0.00023049584706313908,0.0002498701505828649,0.007959981912790681,0.002912619872899038,0.007107390556484461,0.026429031044244766,327.74012033303734,307.0356035529403,1.767730989959091,146.71087503666058,4.584714844895643,,
modes08_seed2,8,2,1054449,0.0003256791678722948,0.0003241264494135976,0.0003402609145268798,0.009316666197264567,0.003185731197124528,0.008581295609474182,0.0296002347022295,320.54703787493054,301.00339234934654,1.5663316925056279,138.95245851017535,4.34226432844298,,
modes12_seed0,12,0,2365169,0.0003368275938555598,0.00035841841599904,0.00037077366141602397,0.009680992105131736,0.003372880685514677,0.008842210285365582,0.03328726068139076,321.542762416997,302.0131749656284,1.53163395030424,142.69743749173358,4.459294921616674,,
modes12_seed1,12,1,2365169,0.0003201334038749337,0.0003503977204672992,0.0003718042862601578,0.00963590537685377,0.0037714432365048966,0.008473243564367294,0.03452221676707268,320.0366989589529,300.9246316595236,1.5238382186507806,156.00291651207954,4.8750911410024855,,
modes12_seed2,12,2,2365169,0.00037834091926924884,0.0003892847162205726,0.0004032625292893499,0.010054523148937733,0.0039105041788029486,0.00894173514097929,0.03546788915991783,329.90424329205416,308.8759204966482,2.0497433833079413,146.6329999966547,4.582281249895459,,
modes16_seed0,16,0,4200177,0.00030379407689906657,0.00034603587118908763,0.0003662081726361066,0.009554953063343419,0.0035626390734165843,0.008746468462049961,0.03526105731725693,326.9084204590181,306.33181657642126,1.8747623827075586,141.95483352523297,4.43608854766353,,
modes16_seed1,16,1,4200177,0.000327596120769158,0.00036927594919689,0.00040060130413621664,0.009763144653334166,0.004613110674926807,0.008433200418949127,0.04164392873644829,327.83508854196407,306.6263588271104,2.037857133196667,169.60945853497833,5.300295579218073,,
modes16_seed2,16,2,4200177,0.0003574428556021303,0.00036776746856048703,0.0003843210870400071,0.009769111185960355,0.0038412617110087518,0.008802137337625027,0.03629327937960625,336.2996874169912,314.97007300378755,2.2695624944753945,140.40574949467555,4.387679671708611,,
